{
  "admin": {
    "port": 8360,
    "workers": 0,
    "stickyCluster": false,
    "startServerTimeout": 3000,
    "reloadSignal": "SIGUSR2",
    "processKillTimeout": 10000,
    "jsonpCallbackField": "callback",
    "jsonContentType": "application/json",
    "jsonpContentType": "application/javascript",
    "errnoField": "errno",
    "errmsgField": "errmsg",
    "defaultErrno": 1000,
    "validateDefaultErrno": 1001,
    "default_module": "api",
    "weixin": {
      "appid": "",
      "secret": "",
      "mch_id": "",
      "partner_key": "",
      "notify_url": ""
    },
    "express": {
      "appid": "",
      "appkey": "",
      "request_url": "http://api.kdniao.cc/Ebusiness/EbusinessOrderHandle.aspx"
    },
    "cache": {
      "type": "file",
      "file": {
        "timeout": 86400000,
        "cachePath": "f:\\share\\1909前端共享文件\\前端高级\\Vue\\day11\\代码\\mall-server\\runtime\\cache",
        "pathDepth": 1,
        "gcInterval": 86400000
      }
    },
    "model": {
      "type": "mysql",
      "mysql": {
        "logConnect": true,
        "logSql": true,
        "database": "shop",
        "prefix": "nideshop_",
        "encoding": "utf8mb4",
        "host": "127.0.0.1",
        "port": "3306",
        "user": "root",
        "password": "123456",
        "dateStrings": true
      }
    },
    "logger": {
      "type": "console",
      "console": {},
      "file": {
        "backups": 10,
        "absolute": true,
        "maxLogSize": 51200,
        "filename": "f:\\share\\1909前端共享文件\\前端高级\\Vue\\day11\\代码\\mall-server\\logs\\app.log"
      },
      "dateFile": {
        "level": "ALL",
        "absolute": true,
        "pattern": "-yyyy-MM-dd",
        "alwaysIncludePattern": true,
        "filename": "f:\\share\\1909前端共享文件\\前端高级\\Vue\\day11\\代码\\mall-server\\logs\\app.log"
      }
    }
  },
  "api": {
    "port": 8360,
    "workers": 0,
    "stickyCluster": false,
    "startServerTimeout": 3000,
    "reloadSignal": "SIGUSR2",
    "processKillTimeout": 10000,
    "jsonpCallbackField": "callback",
    "jsonContentType": "application/json",
    "jsonpContentType": "application/javascript",
    "errnoField": "errno",
    "errmsgField": "errmsg",
    "defaultErrno": 1000,
    "validateDefaultErrno": 1001,
    "default_module": "api",
    "weixin": {
      "appid": "",
      "secret": "",
      "mch_id": "",
      "partner_key": "",
      "notify_url": ""
    },
    "express": {
      "appid": "",
      "appkey": "",
      "request_url": "http://api.kdniao.cc/Ebusiness/EbusinessOrderHandle.aspx"
    },
    "publicController": [
      "index",
      "catalog",
      "topic",
      "auth",
      "goods",
      "brand",
      "search",
      "region"
    ],
    "publicAction": [
      "comment/list",
      "comment/count",
      "cart/index",
      "cart/add",
      "cart/checked",
      "cart/update",
      "cart/delete",
      "cart/goodscount",
      "pay/notify"
    ],
    "cache": {
      "type": "file",
      "file": {
        "timeout": 86400000,
        "cachePath": "f:\\share\\1909前端共享文件\\前端高级\\Vue\\day11\\代码\\mall-server\\runtime\\cache",
        "pathDepth": 1,
        "gcInterval": 86400000
      }
    },
    "model": {
      "type": "mysql",
      "mysql": {
        "logConnect": true,
        "logSql": true,
        "database": "shop",
        "prefix": "nideshop_",
        "encoding": "utf8mb4",
        "host": "127.0.0.1",
        "port": "3306",
        "user": "root",
        "password": "123456",
        "dateStrings": true
      }
    },
    "logger": {
      "type": "console",
      "console": {},
      "file": {
        "backups": 10,
        "absolute": true,
        "maxLogSize": 51200,
        "filename": "f:\\share\\1909前端共享文件\\前端高级\\Vue\\day11\\代码\\mall-server\\logs\\app.log"
      },
      "dateFile": {
        "level": "ALL",
        "absolute": true,
        "pattern": "-yyyy-MM-dd",
        "alwaysIncludePattern": true,
        "filename": "f:\\share\\1909前端共享文件\\前端高级\\Vue\\day11\\代码\\mall-server\\logs\\app.log"
      }
    }
  },
  "common": {
    "port": 8360,
    "workers": 0,
    "stickyCluster": false,
    "startServerTimeout": 3000,
    "reloadSignal": "SIGUSR2",
    "processKillTimeout": 10000,
    "jsonpCallbackField": "callback",
    "jsonContentType": "application/json",
    "jsonpContentType": "application/javascript",
    "errnoField": "errno",
    "errmsgField": "errmsg",
    "defaultErrno": 1000,
    "validateDefaultErrno": 1001,
    "default_module": "api",
    "weixin": {
      "appid": "",
      "secret": "",
      "mch_id": "",
      "partner_key": "",
      "notify_url": ""
    },
    "express": {
      "appid": "",
      "appkey": "",
      "request_url": "http://api.kdniao.cc/Ebusiness/EbusinessOrderHandle.aspx"
    },
    "cache": {
      "type": "file",
      "file": {
        "timeout": 86400000,
        "cachePath": "f:\\share\\1909前端共享文件\\前端高级\\Vue\\day11\\代码\\mall-server\\runtime\\cache",
        "pathDepth": 1,
        "gcInterval": 86400000
      }
    },
    "model": {
      "type": "mysql",
      "mysql": {
        "logConnect": true,
        "logSql": true,
        "database": "shop",
        "prefix": "nideshop_",
        "encoding": "utf8mb4",
        "host": "127.0.0.1",
        "port": "3306",
        "user": "root",
        "password": "123456",
        "dateStrings": true
      }
    },
    "logger": {
      "type": "console",
      "console": {},
      "file": {
        "backups": 10,
        "absolute": true,
        "maxLogSize": 51200,
        "filename": "f:\\share\\1909前端共享文件\\前端高级\\Vue\\day11\\代码\\mall-server\\logs\\app.log"
      },
      "dateFile": {
        "level": "ALL",
        "absolute": true,
        "pattern": "-yyyy-MM-dd",
        "alwaysIncludePattern": true,
        "filename": "f:\\share\\1909前端共享文件\\前端高级\\Vue\\day11\\代码\\mall-server\\logs\\app.log"
      }
    }
  }
}